step,timestamp,grid_x,grid_y,x_m,y_m,heading,tof_mm
0,1790409292.62,1,1,0.3,0.3,NORTH,144.0
1,1790409311.1,1,2,0.3,0.9,NORTH,108.0
2,1790409326.66,1,3,0.3,1.5,NORTH,166.0
3,1790409343.02,1,4,0.3,2.1,NORTH,155.0
4,1790409359.16,1,5,0.3,2.7,NORTH,184.0
5,1790409380.93,2,5,0.9,2.7,EAST,77.0
6,1790409398.5,3,5,1.5,2.7,EAST,227.0
7,1790409415.5,4,5,2.1,2.7,EAST,150.0
8,1790409440.64,3,5,1.5,2.7,WEST,208.2
9,1790409462.01,3,4,1.5,2.1,SOUTH,134.0
10,1790409484.95,4,4,2.1,2.1,EAST,74.0
11,1790409507.15,4,3,2.1,1.5,SOUTH,118.0
12,1790409532.72,4,4,2.1,2.1,NORTH,86.0
13,1790409555.45,3,4,1.5,2.1,WEST,165.6
14,1790409576.58,3,3,1.5,1.5,SOUTH,111.0
15,1790409591.06,3,2,1.5,0.9,SOUTH,849.0
16,1790409617.83,4,2,2.1,0.9,EAST,111.0
17,1790409641.38,4,1,2.1,0.3,SOUTH,116.0
18,1790409668.48,4,2,2.1,0.9,NORTH,104.19999999999999
19,1790409690.24,3,2,1.5,0.9,WEST,829.8
20,1790409718.65,3,1,1.5,0.3,SOUTH,239.0
21,1790409742.87,2,1,0.9,0.3,WEST,158.0
22,1790409768.27,2,2,0.9,0.9,NORTH,150.0
23,1790409784.82,2,3,0.9,1.5,NORTH,162.0
24,1790409800.57,2,4,0.9,2.1,NORTH,111.0
